[
 {
   "name": "Health Post"
 },
 {
   "name": "Border Health Post"
 },
 {
   "name": "Rural Health Centre"
 },
 {
   "name": "Urban Health Centre"
 },
 {
   "name": "Zonal Health Centre"
 },
 {
   "name": "Hospital Affiliated Health Centre"
 },
 {
   "name": "Hospital - Level 1"
 },
 {
   "name": "Hospital - Level 2"
 },
 {
   "name": "Hospital - Level 3"
 },
 {
   "name": "Police"
 },
 {
   "name": "Military"
 },
 {
   "name": "Private"
 },
 {
   "name": "NGO"
 },
 {
  "name": ""
}
]